<?xml version='1.0'?>
<module>
<exporttime>2015-04-23 11:15:03</exporttime>
<name>GravityForm</name>
<label>GravityForm</label>
<parent></parent>
<type>extension</type>
<version>1.0.0</version>
<dependencies>
<vtiger_version>6.0.0</vtiger_version>
</dependencies>
<tables>
</tables>
<crons>
<cron>
<name>GravityForm</name>
<frequency>900</frequency>
<status>1</status>
<handler>cron/modules/GravityForm/GravityForm.service</handler>
<sequence>8</sequence>
<description>Recommended frequency for GravityForm Sync is 15 mins</description>
</cron>
</crons>
</module>
